{"title": "Sensehat","links": {"properties": "thing/Sensehat/properties","actions": "thing/Sensehat/actions","events": "thing/Sensehat/events"},"description": "Raspberry - Sensehat","properties": {"temperature": {"type": "double","units": "degrees","direction": "out","description": "Temperature"},"humidity": {"type": "double","units": "milibars","direction": "out","description": "Humidity"},"pressure": {"type": "double","units": "%","direction": "out","description": "Pressure"}},"actions": {"joystickUp": {"description": "Joysctick action up"},"joystickRight": {"description": "Joystick action to the right"},"joystickDown": {"description": "Joystick action down"},"joystickLeft": {"description": "Joystick action to the left"},"joystickMiddle": {"description": "Joystick action to the middle"}},"events": {"ping": {"description": "Ping"},"register": {"description": "Register"},"log": {"description": "Log information in platform"},"joystickEventRigth": {"description": "Send joystick event to the right"},"joystickEventLeft": {"description": "Send joystick event to the left"},"joystickEventUp": {"description": "Send joystick event up"},"joystickEventDown": {"description": "Send joystick event down"},"joystickEventMiddle": {"description": "Send joystick event to the middle"},"updateShadow": {"description": "Send joystick event to the right"}}}
