<?xml version="1.0" encoding="UTF-8"?>

<configuration>

	<include
		resource="org/springframework/boot/logging/logback/defaults.xml" />
	<property scope="context" resource="application.yml" />
	<property resource="bootstrap.properties" />
	<property name="msName"
		value="${spring.application.name:-undefined}" />


	<appender name="stdoutAppender"
		class="ch.qos.logback.core.ConsoleAppender">
		<encoder>
			<pattern>${msName} %d{HH:mm:ss.SSS} [%thread] %-5level %logger{50} -
				%msg%n</pattern>
		</encoder>
		<target>System.out</target>
	</appender>

	<appender name="stdoutWarnAppender"
		class="ch.qos.logback.core.ConsoleAppender">
		<filter class="ch.qos.logback.classic.filter.ThresholdFilter">
			<level>WARN</level>
		</filter>
		<encoder>
			<pattern>${msName} %d{HH:mm:ss.SSS} [%thread] %-5level %logger{50} -
				%msg%n</pattern>
		</encoder>
		<target>System.out</target>
	</appender>

	<appender name="rollingFileAppender"
		class="ch.qos.logback.core.rolling.RollingFileAppender">
		<encoder>
			<pattern>${msName} %d{HH:mm:ss.SSS} [%thread] %-5level %logger{50} -
				%msg%n</pattern>
		</encoder>
		<rollingPolicy
			class="ch.qos.logback.core.rolling.SizeAndTimeBasedRollingPolicy">
			<fileNamePattern>${LOG_PATH}/${LOG_FILE}-%d{yyyy-MM-dd}-${PID}_%i.log
			</fileNamePattern>
			<maxFileSize>50KB</maxFileSize>
			<maxHistory>4</maxHistory>
			<totalSizeCap>200KB</totalSizeCap>
		</rollingPolicy>
	</appender>

	<springProfile name="dev,default">
		<root level="INFO">
			<appender-ref ref="rollingFileAppender" />
			<appender-ref ref="stdoutAppender" />
		</root>
	</springProfile>
	<springProfile name="production,docker">
		<root level="INFO">
			<appender-ref ref="rollingFileAppender" />
			<appender-ref ref="stdoutWarnAppender" />
		</root>
	</springProfile>

</configuration>