{
  "interpreterSettings": {
    "spark": {
      "id": "spark",
      "name": "spark",
      "group": "spark",
      "properties": {
        "spark.executor.memory": {
          "name": "spark.executor.memory",
          "value": "",
          "type": "string"
        },
        "zeppelin.spark.sql.interpolation": {
          "name": "zeppelin.spark.sql.interpolation",
          "value": false,
          "type": "checkbox"
        },
        "zeppelin.spark.concurrentSQL": {
          "name": "zeppelin.spark.concurrentSQL",
          "value": false,
          "type": "checkbox"
        },
        "zeppelin.R.knitr": {
          "name": "zeppelin.R.knitr",
          "value": true,
          "type": "checkbox"
        },
        "zeppelin.R.cmd": {
          "name": "zeppelin.R.cmd",
          "value": "R",
          "type": "string"
        },
        "spark.app.name": {
          "name": "spark.app.name",
          "value": "Zeppelin",
          "type": "string"
        },
        "zeppelin.R.image.width": {
          "name": "zeppelin.R.image.width",
          "value": "100%",
          "type": "number"
        },
        "zeppelin.spark.importImplicit": {
          "name": "zeppelin.spark.importImplicit",
          "value": true,
          "type": "checkbox"
        },
        "zeppelin.dep.additionalRemoteRepository": {
          "name": "zeppelin.dep.additionalRemoteRepository",
          "value": "spark-packages,http://dl.bintray.com/spark-packages/maven,false;",
          "type": "textarea"
        },
        "zeppelin.spark.maxResult": {
          "name": "zeppelin.spark.maxResult",
          "value": "1000",
          "type": "number"
        },
        "zeppelin.spark.ui.hidden": {
          "name": "zeppelin.spark.ui.hidden",
          "value": false,
          "type": "checkbox"
        },
        "master": {
          "name": "master",
          "value": "local[*]",
          "type": "string"
        },
        "zeppelin.pyspark.python": {
          "name": "zeppelin.pyspark.python",
          "value": "python",
          "type": "string"
        },
        "args": {
          "name": "args",
          "value": "",
          "type": "textarea"
        },
        "zeppelin.spark.enableSupportedVersionCheck": {
          "name": "zeppelin.spark.enableSupportedVersionCheck",
          "value": true,
          "type": "checkbox"
        },
        "zeppelin.spark.useNew": {
          "name": "zeppelin.spark.useNew",
          "value": true,
          "type": "checkbox"
        },
        "zeppelin.dep.localrepo": {
          "name": "zeppelin.dep.localrepo",
          "value": "local-repo",
          "type": "string"
        },
        "zeppelin.pyspark.useIPython": {
          "name": "zeppelin.pyspark.useIPython",
          "value": true,
          "type": "checkbox"
        },
        "zeppelin.spark.sql.stacktrace": {
          "name": "zeppelin.spark.sql.stacktrace",
          "value": false,
          "type": "checkbox"
        },
        "zeppelin.spark.useHiveContext": {
          "name": "zeppelin.spark.useHiveContext",
          "value": true,
          "type": "checkbox"
        },
        "zeppelin.spark.uiWebUrl": {
          "name": "zeppelin.spark.uiWebUrl",
          "value": "",
          "type": "string"
        },
        "zeppelin.R.render.options": {
          "name": "zeppelin.R.render.options",
          "value": "out.format \u003d \u0027html\u0027, comment \u003d NA, echo \u003d FALSE, results \u003d \u0027asis\u0027, message \u003d F, warning \u003d F, fig.retina \u003d 2",
          "type": "textarea"
        },
        "zeppelin.spark.printREPLOutput": {
          "name": "zeppelin.spark.printREPLOutput",
          "value": true,
          "type": "checkbox"
        },
        "spark.cores.max": {
          "name": "spark.cores.max",
          "value": "",
          "type": "number"
        }
      },
      "status": "READY",
      "interpreterGroup": [
        {
          "name": "spark",
          "class": "org.apache.zeppelin.spark.SparkInterpreter",
          "defaultInterpreter": true,
          "editor": {
            "language": "scala",
            "editOnDblClick": false,
            "completionKey": "TAB",
            "completionSupport": true
          }
        },
        {
          "name": "sql",
          "class": "org.apache.zeppelin.spark.SparkSqlInterpreter",
          "defaultInterpreter": false,
          "editor": {
            "language": "sql",
            "editOnDblClick": false,
            "completionKey": "TAB",
            "completionSupport": true
          }
        },
        {
          "name": "dep",
          "class": "org.apache.zeppelin.spark.DepInterpreter",
          "defaultInterpreter": false,
          "editor": {
            "language": "scala",
            "editOnDblClick": false,
            "completionKey": "TAB",
            "completionSupport": true
          }
        },
        {
          "name": "pyspark",
          "class": "org.apache.zeppelin.spark.PySparkInterpreter",
          "defaultInterpreter": false,
          "editor": {
            "language": "python",
            "editOnDblClick": false,
            "completionKey": "TAB",
            "completionSupport": true
          }
        },
        {
          "name": "ipyspark",
          "class": "org.apache.zeppelin.spark.IPySparkInterpreter",
          "defaultInterpreter": false,
          "editor": {
            "language": "python",
            "editOnDblClick": false,
            "completionSupport": true
          }
        },
        {
          "name": "r",
          "class": "org.apache.zeppelin.spark.SparkRInterpreter",
          "defaultInterpreter": false,
          "editor": {
            "language": "r",
            "editOnDblClick": false,
            "completionSupport": false
          }
        }
      ],
      "dependencies": [],
      "option": {
        "remote": true,
        "port": -1,
        "isExistingProcess": false,
        "setPermission": false,
        "owners": [],
        "isUserImpersonate": false
      }
    },
    "python": {
      "id": "python",
      "name": "python",
      "group": "python",
      "properties": {
        "zeppelin.python": {
          "name": "zeppelin.python",
          "value": "python",
          "type": "string"
        },
        "zeppelin.ipython.launch.timeout": {
          "name": "zeppelin.ipython.launch.timeout",
          "value": "30000",
          "type": "number"
        },
        "zeppelin.python.useIPython": {
          "name": "zeppelin.python.useIPython",
          "value": true,
          "type": "checkbox"
        },
        "zeppelin.ipython.grpc.message_size": {
          "name": "zeppelin.ipython.grpc.message_size",
          "value": "33554432",
          "type": "number"
        },
        "zeppelin.python.maxResult": {
          "name": "zeppelin.python.maxResult",
          "value": "1000",
          "type": "number"
        }
      },
      "status": "READY",
      "interpreterGroup": [
        {
          "name": "python",
          "class": "org.apache.zeppelin.python.PythonInterpreter",
          "defaultInterpreter": false,
          "editor": {
            "language": "python",
            "editOnDblClick": false,
            "completionSupport": true
          }
        },
        {
          "name": "ipython",
          "class": "org.apache.zeppelin.python.IPythonInterpreter",
          "defaultInterpreter": false,
          "editor": {
            "language": "python",
            "editOnDblClick": false,
            "completionKey": "TAB",
            "completionSupport": true
          }
        },
        {
          "name": "sql",
          "class": "org.apache.zeppelin.python.PythonInterpreterPandasSql",
          "defaultInterpreter": false,
          "editor": {
            "language": "sql",
            "editOnDblClick": false,
            "completionKey": "TAB",
            "completionSupport": false
          }
        },
        {
          "name": "conda",
          "class": "org.apache.zeppelin.python.PythonCondaInterpreter",
          "defaultInterpreter": false,
          "editor": {
            "language": "sh",
            "editOnDblClick": false,
            "completionSupport": false
          }
        },
        {
          "name": "docker",
          "class": "org.apache.zeppelin.python.PythonDockerInterpreter",
          "defaultInterpreter": false,
          "editor": {
            "language": "sh",
            "editOnDblClick": false,
            "completionSupport": false
          }
        }
      ],
      "dependencies": [],
      "option": {
        "remote": true,
        "port": -1,
        "isExistingProcess": false,
        "setPermission": false,
        "owners": [],
        "isUserImpersonate": false
      }
    }
  },
  "interpreterBindings": {
    "0IDSTATIC": [
      "spark",
      "python"
    ]
  },
  "interpreterRepositories": [
    {
      "id": "central",
      "type": "default",
      "url": "http://repo1.maven.org/maven2/",
      "releasePolicy": {
        "enabled": true,
        "updatePolicy": "daily",
        "checksumPolicy": "warn"
      },
      "snapshotPolicy": {
        "enabled": true,
        "updatePolicy": "daily",
        "checksumPolicy": "warn"
      },
      "mirroredRepositories": [],
      "repositoryManager": false
    },
    {
      "id": "local",
      "type": "default",
      "url": "file:///root/.m2/repository",
      "releasePolicy": {
        "enabled": true,
        "updatePolicy": "daily",
        "checksumPolicy": "warn"
      },
      "snapshotPolicy": {
        "enabled": true,
        "updatePolicy": "daily",
        "checksumPolicy": "warn"
      },
      "mirroredRepositories": [],
      "repositoryManager": false
    }
  ]
}